Workbook

Sheet Dy
A1: Time | B1: R1 | C1: R2 | D1: R3 | F1: Time | G1: Temperature
A2: 0 | B2: 4.33 | C2: 4.31 | D2: 4.33 | F2: 0 | G2: 8.4
A3: 23 | B3: 4.36 | C3: 4.39 | D3: 4.41 | F3: 0.1 | G3: 8
A4: 30 | B4: 4.46 | C4: 4.46 | D4: 4.5 | F4: 0.2 | G4: 8
A5: 42 | B5: 4.46 | C5: 4.52 | D5: 4.6 | F5: 0.3 | G5: 7.9
A6: 44 | B6: 4.83 | C6: 4.91 | D6: 4.84 | F6: 0.4 | G6: 7.9
A7: 47 | B7: 5.56 | C7: 5.61 | D7: 5.6 | F7: 0.5 | G7: 7.9
A8: 48 | B8: 5.72 | C8: 5.72 | D8: 5.74 | F8: 0.6 | G8: 7.9
A9: 52 | B9: 5.91 | C9: 5.94 | D9: 5.86 | F9: 0.7 | G9: 7.9
A10: 57 | B10: 5.94 | C10: 5.89 | D10: 5.9 | F10: 0.8 | G10: 7.9
A11: 69 | B11: 5.87 | C11: 6 | D11: 5.87 | F11: 0.9 | G11: 7.9
A12: 71 | B12: 5.98 | C12: 6.06 | D12: 5.96 | F12: 1 | G12: 7.9
A13: 75 | B13: 6.25 | C13: 6.24 | D13: 6.26 | F13: 1.1 | G13: 7.9
... A25: 150 | B25: 8.11 | C25: 8.25 | D25: 8.31 | F25: 2.3 | G25: 7.8
F26: 2.4 | G26: 7.9
F27: 2.5 | G27: 7.8
F28: 2.6 | G28: 7.8
F29: 2.7 | G29: 7.8
F30: 2.8 | G30: 7.9
F31: 2.9 | G31: 7.8
F32: 3 | G32: 7.8
F33: 3.1 | G33: 7.8
F34: 3.2 | G34: 7.8
F35: 3.3 | G35: 7.8
F36: 3.4 | G36: 7.9
F37: 3.5 | G37: 7.8
... F1502: 150 | G1502: 15

Sheet St
A1: 4°C | D1: 8°C | G1: 15°C | J1: 20°C | M1: 25°C | P1: 35°C | S1: 37°C | V1: 40°C
A2: Time | B2: Con | D2: Time | E2: Con | G2: Time | H2: Con | J2: Time | K2: Con | M2: Time | N2: Con | P2: Time | Q2: Con | S2: Time | T2: Con | V2: Time | W2: Con
A3: 0 | B3: 4.23 | D3: 0 | E3: 4.23 | G3: 0 | H3: 4.27 | J3: 0 | K3: 4.26 | M3: 0 | N3: 4.23 | P3: 0 | Q3: 4.27 | S3: 0 | T3: 4.35 | V3: 0 | W3: 4.27
A4: 0 | B4: 4.17 | D4: 0 | E4: 4.17 | G4: 0 | H4: 4.31 | J4: 0 | K4: 4.31 | M4: 0 | N4: 4.17 | P4: 0 | Q4: 4.31 | S4: 0 | T4: 4.3 | V4: 0 | W4: 4.31
A5: 0 | B5: 4.15 | D5: 0 | E5: 4.15 | G5: 0 | H5: 4.24 | J5: 0 | K5: 4.24 | M5: 0 | N5: 4.15 | P5: 0 | Q5: 4.24 | S5: 0 | T5: 4.25 | V5: 0 | W5: 4.24
A6: 60 | B6: 4.43 | D6: 60 | E6: 5.39 | G6: 20 | H6: 5.08 | J6: 5 | K6: 4.67 | M6: 6 | N6: 5.08 | P6: 3 | Q6: 4.52 | S6: 2 | T6: 4.36 | V6: 4 | W6: 4.35
A7: 60 | B7: 4.49 | D7: 60 | E7: 5.33 | G7: 20 | H7: 5.09 | J7: 5 | K7: 4.52 | M7: 6 | N7: 5.09 | P7: 3 | Q7: 4.59 | S7: 2 | T7: 4.34 | V7: 4 | W7: 4.31
A8: 60 | B8: 4.43 | D8: 60 | E8: 5.29 | G8: 20 | H8: 5.08 | J8: 5 | K8: 4.54 | M8: 6 | N8: 5.09 | P8: 3 | Q8: 4.56 | S8: 2 | T8: 4.3 | V8: 4 | W8: 4.32
A9: 123 | B9: 5.18 | D9: 80 | E9: 6.23 | G9: 34 | H9: 6.43 | J9: 11 | K9: 4.9 | M9: 9 | N9: 5.95 | P9: 6 | Q9: 5.03 | S9: 4 | T9: 4.49 | V9: 10 | W9: 4.52
A10: 123 | B10: 5.29 | D10: 80 | E10: 6.2 | G10: 34 | H10: 6.37 | J10: 11 | K10: 4.92 | M10: 9 | N10: 6.06 | P10: 6 | Q10: 5.07 | S10: 4 | T10: 4.44 | V10: 10 | W10: 4.6
A11: 123 | B11: 5.2 | D11: 80 | E11: 6.18 | G11: 34 | H11: 6.42 | J11: 11 | K11: 4.89 | M11: 9 | N11: 6.01 | P11: 6 | Q11: 4.96 | S11: 4 | T11: 4.48 | V11: 10 | W11: 4.53
A12: 169 | B12: 5.42 | D12: 100 | E12: 6.97 | G12: 44 | H12: 7.31 | J12: 16 | K12: 5.91 | M12: 12 | N12: 7.01 | P12: 7 | Q12: 5.5 | S12: 8 | T12: 5.08 | V12: 15 | W12: 4.92
A13: 169 | B13: 5.47 | D13: 100 | E13: 7.08 | G13: 44 | H13: 7.28 | J13: 16 | K13: 5.88 | M13: 12 | N13: 6.97 | P13: 7 | Q13: 5.63 | S13: 8 | T13: 5.03 | V13: 15 | W13: 5
A14: 169 | B14: 5.46 | D14: 100 | E14: 6.96 | G14: 44 | H14: 7.24 | J14: 16 | K14: 5.86 | M14: 12 | N14: 7.18 | P14: 7 | Q14: 5.5 | S14: 8 | T14: 5.12 | V14: 15 | W14: 4.83
... A26: 294 | B26: 7.52 | D26: 200 | E26: 7.62 | G26: 100 | H26: 8.15 | J26: 45 | K26: 8.07 | M26: 30 | N26: 8.21 | P26: 18 | Q26: 8.22 | S26: 18 | T26: 8.13 | V26: 35 | W26: 7.72
A27: 345 | B27: 7.55 | J27: 50 | K27: 8.13 | P27: 20 | Q27: 8.21 | S27: 20 | T27: 8.16 | V27: 40 | W27: 7.79
A28: 345 | B28: 7.42 | J28: 50 | K28: 8.06 | P28: 20 | Q28: 8.2 | S28: 20 | T28: 8.21 | V28: 40 | W28: 7.71
A29: 345 | B29: 7.58 | J29: 50 | K29: 8.17 | P29: 20 | Q29: 8.26 | S29: 20 | T29: 8.12 | V29: 40 | W29: 7.75
A30: 395 | B30: 7.62 | V30: 45 | W30: 7.79
A31: 395 | B31: 7.55 | V31: 45 | W31: 7.76
A32: 395 | B32: 7.51 | V32: 45 | W32: 7.78

Sheet simulation
A1: 4°C | L1: 8°C | W1: 15°C | AH1: 20°C | AS1: 25°C | BD1: 35°C | BO1: 37°C | BZ1: 40°C
A2: timestep | B2: phi | C2: phi0 | D2: psi | E2: Sum(phis) | F2: phi1psi1 | G2: nut | H2: anti | I2: entropie | J2: rateEntropie | L2: timestep | M2: phi | N2: phi0 | O2: psi | P2: Sum(phis) | Q2: phi1psi1 | R2: nut | S2: anti | T2: entropie | U2: rateEntropie | W2: timestep | X2: phi | Y2: phi0 | Z2: psi | AA2: Sum(phis) | AB2: phi1psi1 | AC2: nut | AD2: anti | AE2: entropie | AF2: rateEntropie | AH2: timestep | AI2: phi | AJ2: phi0 | AK2: psi | AL2: Sum(phis) | AM2: phi1psi1 | AN2: nut | AO2: anti | AP2: entropie | AQ2: rateEntropie | AS2: timestep | AT2: phi | AU2: phi0 | AV2: psi | AW2: Sum(phis) | AX2: phi1psi1 | AY2: nut | AZ2: anti | BA2: entropie | BB2: rateEntropie | BD2: timestep | BE2: phi | BF2: phi0 | BG2: psi | BH2: Sum(phis) | BI2: phi1psi1 | BJ2: nut | BK2: anti | BL2: entropie | BM2: rateEntropie | BO2: timestep | BP2: phi | BQ2: phi0 | BR2: psi | BS2: Sum(phis) | BT2: phi1psi1 | BU2: nut | BV2: anti | BW2: entropie | BX2: rateEntropie | BZ2: timestep | CA2: phi | CB2: phi0 | CC2: psi | CD2: Sum(phis) | CE2: phi1psi1 | CF2: nut | CG2: anti | CH2: entropie | CI2: rateEntropie
A3: 1 | B3: 0.1 | C3: 0.9 | D3: 0.999 | E3: 1 | F3: 0.1 | G3: 10,*(1, - 1,*v1*v3) | H3: 1 | I3: 0 | J3: 0 | L3: 1 | M3: 0.1 | N3: 0.9 | O3: 0.999 | P3: 1 | Q3: 0.1 | R3: 10,*(1, - 1,*v1*v3) | S3: 1 | T3: 0 | U3: 0 | W3: 1 | X3: 0.1 | Y3: 0.9 | Z3: 0.999 | AA3: 1 | AB3: 0.1 | AC3: 10,*(1, - 1,*v1*v3) | AD3: 1 | AE3: 0 | AF3: 0 | AH3: 1 | AI3: 0.1 | AJ3: 0.9 | AK3: 0.999 | AL3: 1 | AM3: 0.1 | AN3: 10,*(1, - 1,*v1*v3) | AO3: 1 | AP3: 0 | AQ3: 0 | AS3: 1 | AT3: 0.1 | AU3: 0.9 | AV3: 0.999 | AW3: 1 | AX3: 0.1 | AY3: 10,*(1, - 1,*v1*v3) | AZ3: 1 | BA3: 0 | BB3: 0 | BD3: 1 | BE3: 0.1 | BF3: 0.9 | BG3: 0.999 | BH3: 1 | BI3: 0.1 | BJ3: 10,*(1, - 1,*v1*v3) | BK3: 1 | BL3: 0 | BM3: 0 | BO3: 1 | BP3: 0.1 | BQ3: 0.9 | BR3: 0.999 | BS3: 1 | BT3: 0.1 | BU3: 10,*(1, - 1,*v1*v3) | BV3: 1 | BW3: 0 | BX3: 0 | BZ3: 1 | CA3: 0.1 | CB3: 0.9 | CC3: 0.999 | CD3: 1 | CE3: 0.1 | CF3: 10,*(1, - 1,*v1*v3) | CG3: 1 | CH3: 0 | CI3: 0
A4: 2 | B4: 0.10146498 | C4: 0.89853502 | D4: 0.95915727 | E4: 1 | F4: 0.097320872 | G4: 10,*(1, - 1,*v1*v3) | H4: 1 | I4: 0.054721125 | J4: 5.4721125e+15 | L4: 2 | M4: 0.1015948 | N4: 0.8984052 | O4: 0.96032883 | P4: 1 | Q4: 0.097564415 | R4: 10,*(1, - 1,*v1*v3) | S4: 1 | T4: 0.052708641 | U4: 5.2708641e+15 | W4: 2 | X4: 0.10195049 | Y4: 0.89804951 | Z4: 0.96297547 | AA4: 1 | AB4: 0.098175821 | AC4: 10,*(1, - 1,*v1*v3) | AD4: 1 | AE4: 0.05290805 | AF4: 5.290805e+15 | AH4: 2 | AI4: 0.10258644 | AJ4: 0.89741356 | AK4: 0.96639745 | AL4: 1 | AM4: 0.099139274 | AN4: 10,*(1, - 1,*v1*v3) | AO4: 1 | AP4: 0.069790246 | AQ4: 6.9790246e+15 | AS4: 2 | AT4: 0.10396794 | AU4: 0.89603206 | AV4: 0.97101998 | AW4: 1 | AX4: 0.10095494 | AY4: 10,*(1, - 1,*v1*v3) | AZ4: 1 | BA4: 0.16300981 | BB4: 1.6300981e+15 | BD4: 2 | BE4: 0.1042572 | BF4: 0.8957428 | BG4: 0.9717211 | BH4: 1 | BI4: 0.10130892 | BJ4: 10,*(1, - 1,*v1*v3) | BK4: 1 | BL4: 0.19116317 | BM4: 1.9116317e+16 | BO4: 2 | BP4: 0.10440319 | BQ4: 0.89559681 | BR4: 0.97205157 | BS4: 1 | BT4: 0.10148528 | BU4: 10,*(1, - 1,*v1*v3) | BV4: 1 | BW4: 0.20644645 | BX4: 2.0644645e+16 | BZ4: 2 | CA4: 0.10232652 | CB4: 0.89767348 | CC4: 0.96515059 | CD4: 1 | CE4: 0.098760502 | CF4: 10,*(1, - 1,*v1*v3) | CG4: 1 | CH4: 0.060619294 | CI4: 6.0619294e+15
A5: 3 | B5: 0.1020724 | C5: 0.8979276 | D5: 0.94499669 | E5: 1 | F5: 0.09645808 | G5: 10,*(1, - 1,*v1*v3) | H5: 1 | I5: 0.062132785 | J5: 7.4116603e+15 | L5: 3 | M5: 0.10230813 | N5: 0.89769187 | O5: 0.94799333 | P5: 1 | Q5: 0.096987423 | R5: 10,*(1, - 1,*v1*v3) | S5: 1 | T5: 0.059461613 | U5: 6.752972e+15 | W5: 3 | X5: 0.1029843 | Y5: 0.8970157 | Z5: 0.95427937 | AA5: 1 | AB5: 0.098275791 | AC5: 10,*(1, - 1,*v1*v3) | AD5: 1 | AE5: 0.063645633 | AF5: 1.0737582e+15 | AH5: 3 | AI5: 0.104257 | AJ5: 0.895743 | AK5: 0.9612919 | AL5: 1 | AM5: 0.10022141 | AN5: 10,*(1, - 1,*v1*v3) | AO5: 1 | AP5: 0.10355322 | AQ5: 3.3762975e+16 | AS5: 3 | AT5: 0.10711836 | AU5: 0.89288164 | AV5: 0.96900665 | AW5: 1 | AX5: 0.10379841 | AY5: 10,*(1, - 1,*v1*v3) | AZ5: 1 | BA5: 0.30268793 | BB5: 1.3967812e+16 | BD5: 3 | BE5: 0.1077238 | BF5: 0.8922762 | BG5: 0.97004617 | BH5: 1 | BI5: 0.10449706 | BJ5: 10,*(1, - 1,*v1*v3) | BK5: 1 | BL5: 0.36215732 | BM5: 1.7099416e+16 | BO5: 3 | BP5: 0.10803003 | BQ5: 0.89196997 | BR5: 0.97052372 | BS5: 1 | BT5: 0.10484571 | BU5: 10,*(1, - 1,*v1*v3) | BV5: 1 | BW5: 0.39444836 | BX5: 1.8800192e+16 | BZ5: 3 | CA5: 0.10373039 | CB5: 0.89626961 | CC5: 0.95888168 | CD5: 1 | CE5: 0.099465167 | CF5: 10,*(1, - 1,*v1*v3) | CG5: 1 | CH5: 0.082810426 | CI5: 2.2191132e+15
A6: 4 | B6: 0.10247853 | C6: 0.89752147 | D6: 0.93684859 | E6: 1 | F6: 0.096006863 | G6: 10,*(1, - 1,*v1*v3) | H6: 1 | I6: 0.064800157 | J6: 2.6673722e+15 | L6: 4 | M6: 0.10281782 | N6: 0.89718218 | O6: 0.94172031 | P6: 1 | Q6: 0.096825631 | R6: 10,*(1, - 1,*v1*v3) | S6: 1 | T6: 0.062190387 | U6: 2.7287738e+16 | W6: 4 | X6: 0.10383094 | Y6: 0.89616906 | Z6: 0.95120836 | AA6: 1 | AB6: 0.098764861 | AC6: 10,*(1, - 1,*v1*v3) | AD6: 1 | AE6: 0.072009653 | AF6: 8.3640205e+15 | AH6: 4 | AI6: 0.10579947 | AJ6: 0.89420053 | AK6: 0.9604384 | AL6: 1 | AM6: 0.10161388 | AN6: 10,*(1, - 1,*v1*v3) | AO6: 1 | AP6: 0.13704014 | AQ6: 3.3486923e+15 | AS6: 4 | AT6: 0.11026655 | AU6: 0.88973345 | AV6: 0.96930169 | AW6: 1 | AX6: 0.10688155 | AY6: 10,*(1, - 1,*v1*v3) | AZ6: 1 | BA6: 0.44932748 | BB6: 1.4663955e+16 | BD6: 4 | BE6: 0.11121432 | BF6: 0.88878568 | BG6: 0.97042999 | BH6: 1 | BI6: 0.10792571 | BJ6: 10,*(1, - 1,*v1*v3) | BK6: 1 | BL6: 0.54277248 | BM6: 1.8061515e+16 | BO6: 4 | BP6: 0.11169391 | BQ6: 0.88830609 | BR6: 0.97094798 | BS6: 1 | BT6: 0.10844898 | BU6: 10,*(1, - 1,*v1*v3) | BV6: 1 | BW6: 0.59360674 | BX6: 1.9915838e+16 | BZ6: 4 | CA6: 0.1049809 | CB6: 0.8950191 | CC6: 0.95742036 | CD6: 1 | CE6: 0.10051086 | CF6: 10,*(1, - 1,*v1*v3) | CG6: 1 | CH6: 0.10391571 | CI6: 2.1105285e+16
A7: 5 | B7: 0.10279723 | C7: 0.89720277 | D7: 0.93130534 | E7: 1 | F7: 0.095735613 | G7: 10,*(1, - 1,*v1*v3) | H7: 1 | I7: 0.066183786 | J7: 1.3836284e+16 | L7: 5 | M7: 0.10324217 | N7: 0.89675783 | O7: 0.93798549 | P7: 1 | Q7: 0.096839661 | R7: 10,*(1, - 1,*v1*v3) | S7: 1 | T7: 0.063992108 | U7: 1.8017207e+16 | W7: 5 | X7: 0.10461579 | Y7: 0.89538421 | Z7: 0.95006583 | AA7: 1 | AB7: 0.099391888 | AC7: 10,*(1, - 1,*v1*v3) | AD7: 1 | AE7: 0.080135323 | AF7: 8.12567e+15 | AH7: 5 | AI7: 0.10732836 | AJ7: 0.89267164 | AK7: 0.96051584 | AL7: 1 | AM7: 0.10309059 | AN7: 10,*(1, - 1,*v1*v3) | AO7: 1 | AP7: 0.1713183 | AQ7: 3.4278153e+15 | AS7: 5 | AT7: 0.11348755 | AU7: 0.88651245 | AV7: 0.96983079 | AW7: 1 | AX7: 0.11006372 | AY7: 10,*(1, - 1,*v1*v3) | AZ7: 1 | BA7: 0.60370716 | BB7: 1.5437968e+15 | BD7: 5 | BE7: 0.11479747 | BF7: 0.88520253 | BG7: 0.9709999 | BH7: 1 | BI7: 0.11146833 | BJ7: 10,*(1, - 1,*v1*v3) | BK7: 1 | BL7: 0.73391277 | BM7: 1.9114029e+16 | BO7: 5 | BP7: 0.115461 | BQ7: 0.884539 | BR7: 0.97153674 | BS7: 1 | BT7: 0.1121746 | BU7: 10,*(1, - 1,*v1*v3) | BV7: 1 | BW7: 0.80491742 | BX7: 2.1131068e+15 | BZ7: 5 | CA7: 0.10619954 | CB7: 0.89380046 | CC7: 0.95721931 | CD7: 1 | CE7: 0.10165625 | CF7: 10,*(1, - 1,*v1*v3) | CG7: 1 | CH7: 0.12532608 | CI7: 2.1410365e+16
A8: 6 | B8: 0.10306733 | C8: 0.89693267 | D8: 0.92720758 | E8: 1 | F8: 0.095564808 | G8: 10,*(1, - 1,*v1*v3) | H8: 1 | I8: 0.067059167 | J8: 8.7538134e+15 | L8: 6 | M8: 0.10362146 | N8: 0.89637854 | O8: 0.93559349 | P8: 1 | Q8: 0.096947561 | R8: 10,*(1, - 1,*v1*v3) | S8: 1 | T8: 0.065488877 | U8: 1.4967699e+16 | W8: 6 | X8: 0.10537823 | Y8: 0.89462177 | Z8: 0.94970051 | AA8: 1 | AB8: 0.10007775 | AC8: 10,*(1, - 1,*v1*v3) | AD8: 1 | AE8: 0.08830047 | AF8: 8.1651466e+15 | AH8: 6 | AI8: 0.10886883 | AJ8: 0.89113117 | AK8: 0.96080892 | AL8: 1 | AM8: 0.10460215 | AN8: 10,*(1, - 1,*v1*v3) | AO8: 1 | AP8: 0.20647312 | AQ8: 3.5154823e+15 | AS8: 6 | AT8: 0.11679098 | AU8: 0.88320902 | AV8: 0.97037307 | AW8: 1 | AX8: 0.11333082 | AY8: 10,*(1, - 1,*v1*v3) | AZ8: 1 | BA8: 0.76620372 | BB8: 1.6249657e+16 | BD8: 6 | BE8: 0.11848202 | BF8: 0.88151798 | BG8: 0.97157344 | BH8: 1 | BI8: 0.11511398 | BJ8: 10,*(1, - 1,*v1*v3) | BK8: 1 | BL8: 0.93612585 | BM8: 2.0221308e+16 | BO8: 6 | BP8: 0.11933972 | BQ8: 0.88066028 | BR8: 0.9721251 | BS8: 1 | BT8: 0.11601314 | BU8: 10,*(1, - 1,*v1*v3) | BV8: 1 | BW8: 1.0290342e+16 | BX8: 2.2411682e+15 | BZ8: 6 | CA8: 0.10741706 | CB8: 0.89258294 | CC8: 0.95744938 | CD8: 1 | CE8: 0.10284639 | CF8: 10,*(1, - 1,*v1*v3) | CG8: 1 | CH8: 0.14723172 | CI8: 2.1905641e+16
A9: 7 | B9: 0.10330654 | C9: 0.89669346 | D9: 0.92402653 | E9: 1 | F9: 0.095457984 | G9: 10,*(1, - 1,*v1*v3) | H9: 1 | I9: 0.067688447 | J9: 6.2928035e+15 | L9: 7 | M9: 0.10397397 | N9: 0.89602603 | O9: 0.93400349 | P9: 1 | Q9: 0.097112047 | R9: 10,*(1, - 1,*v1*v3) | S9: 1 | T9: 0.066866785 | U9: 1.377908e+16 | W9: 7 | X9: 0.10613357 | Y9: 0.89386643 | Z9: 0.94966843 | AA9: 1 | AB9: 0.1007917 | AC9: 10,*(1, - 1,*v1*v3) | AD9: 1 | AE9: 0.096554466 | AF9: 8.2539967e+15 | AH9: 7 | AI9: 0.11042706 | AJ9: 0.88957294 | AK9: 0.96114989 | AL9: 1 | AM9: 0.10613695 | AN9: 10,*(1, - 1,*v1*v3) | AO9: 1 | AP9: 0.24253181 | AQ9: 3.605869e+16 | AS9: 7 | AT9: 0.12017926 | AU9: 0.87982074 | AV9: 0.97090507 | AW9: 1 | AX9: 0.11668265 | AY9: 10,*(1, - 1,*v1*v3) | AZ9: 1 | BA9: 0.93718164 | BB9: 1.7097792e+16 | BD9: 7 | BE9: 0.12227064 | BF9: 0.87772936 | BG9: 0.97213359 | BH9: 1 | BI9: 0.1188634 | BJ9: 10,*(1, - 1,*v1*v3) | BK9: 1 | BL9: 1.149953e+16 | BM9: 2.1382716e+15 | BO9: 7 | BP9: 0.12333294 | BQ9: 0.87666706 | BR9: 0.97269861 | BS9: 1 | BT9: 0.11996578 | BU9: 10,*(1, - 1,*v1*v3) | BV9: 1 | BW9: 1.2666086e+16 | BX9: 2.3757436e+16 | BZ9: 7 | CA9: 0.10864522 | CB9: 0.89135478 | CC9: 0.95766768 | CD9: 1 | CE9: 0.10404601 | CF9: 10,*(1, - 1,*v1*v3) | CG9: 1 | CH9: 0.16951091 | CI9: 2.2279191e+15
A10: 8 | B10: 0.10352444 | C10: 0.89647556 | D10: 0.92147717 | E10: 1 | F10: 0.095395411 | G10: 10,*(1, - 1,*v1*v3) | H10: 1 | I10: 0.068182841 | J10: 4.9439342e+16 | L10: 8 | M10: 0.10430946 | N10: 0.89569054 | O10: 0.93292808 | P10: 1 | Q10: 0.097313222 | R10: 10,*(1, - 1,*v1*v3) | S10: 1 | T10: 0.068194693 | U10: 1.3279072e+16 | W10: 8 | X10: 0.10688771 | Y10: 0.89311229 | Z10: 0.94982215 | AA10: 1 | AB10: 0.10152431 | AC10: 10,*(1, - 1,*v1*v3) | AD10: 1 | AE10: 0.10492529 | AF10: 8.3708204e+15 | AH10: 8 | AI10: 0.11200466 | AJ10: 0.88799534 | AK10: 0.96149888 | AL10: 1 | AM10: 0.10769235 | AN10: 10,*(1, - 1,*v1*v3) | AO10: 1 | AP10: 0.27951634 | AQ10: 3.698453e+15 | AS10: 8 | AT10: 0.12365397 | AU10: 0.87634603 | AV10: 0.97142458 | AW10: 1 | AX10: 0.12012051 | AY10: 10,*(1, - 1,*v1*v3) | AZ10: 1 | BA10: 1.1170123e+16 | BB10: 1.7983065e+16 | BD10: 8 | BE10: 0.12616537 | BF10: 0.87383463 | BG10: 0.97267908 | BH10: 1 | BI10: 0.12271841 | BJ10: 10,*(1, - 1,*v1*v3) | BK10: 1 | BL10: 1.3759479e+16 | BM10: 2.2599489e+15 | BO10: 8 | BP10: 0.12744293 | BQ10: 0.87255707 | BR10: 0.97325636 | BS10: 1 | BT10: 0.12403465 | BU10: 10,*(1, - 1,*v1*v3) | BV10: 1 | BW10: 1.5183077e+16 | BX10: 2.5169914e+16 | BZ10: 8 | CA10: 0.10988339 | CB10: 0.89011661 | CC10: 0.957949 | CD10: 1 | CE10: 0.10526269 | CF10: 10,*(1, - 1,*v1*v3) | CG10: 1 | CH10: 0.19224326 | CI10: 2.2732354e+16
A11: 9 | B11: 0.1037268 | C11: 0.8962732 | D11: 0.91938832 | E11: 1 | F11: 0.095365206 | G11: 10,*(1, - 1,*v1*v3) | H11: 1 | I11: 0.068596871 | J11: 4.1403058e+16 | L11: 9 | M11: 0.10463369 | N11: 0.89536631 | O11: 0.93219823 | P11: 1 | Q11: 0.097539343 | R11: 10,*(1, - 1,*v1*v3) | S11: 1 | T11: 0.069501622 | U11: 1.3069292e+16 | W11: 9 | X11: 0.10764558 | Y11: 0.89235442 | Z11: 0.9499786 | AA11: 1 | AB11: 0.102261 | AC11: 10,*(1, - 1,*v1*v3) | AD11: 1 | AE11: 0.11338252 | AF11: 8.4572326e+15 | AH11: 9 | AI11: 0.11360218 | AJ11: 0.88639782 | AK11: 0.9618465 | AL11: 1 | AM11: 0.10926786 | AN11: 10,*(1, - 1,*v1*v3) | AO11: 1 | AP11: 0.31744812 | AQ11: 3.7931783e+15 | AS11: 9 | AT11: 0.12721661 | AU11: 0.87278339 | AV11: 0.9719316 | AW11: 1 | AX11: 0.12364584 | AY11: 10,*(1, - 1,*v1*v3) | AZ11: 1 | BA11: 1.3060755e+16 | BB11: 1.8906322e+15 | BD11: 9 | BE11: 0.13016814 | BF11: 0.86983186 | BG11: 0.97321011 | BH11: 1 | BI11: 0.12668095 | BJ11: 10,*(1, - 1,*v1*v3) | BK11: 1 | BL11: 1.6146776e+15 | BM11: 2.3872969e+16 | BO11: 9 | BP11: 0.1316719 | BQ11: 0.8683281 | BR11: 0.97379864 | BS11: 1 | BT11: 0.12822192 | BU11: 10,*(1, - 1,*v1*v3) | BV11: 1 | BW11: 1.7848154e+16 | BX11: 2.6650767e+16 | BZ11: 9 | CA11: 0.11113336 | CB11: 0.88886664 | CC11: 0.95824687 | CD11: 1 | CE11: 0.1064932 | CF11: 10,*(1, - 1,*v1*v3) | CG11: 1 | CH11: 0.2154382 | CI11: 2.3194936e+15
A12: 10 | B12: 0.10391734 | C12: 0.89608266 | D12: 0.91764907 | E12: 1 | F12: 0.09535965 | G12: 10,*(1, - 1,*v1*v3) | H12: 1 | I12: 0.06896009 | J12: 3.6321865e+15 | L12: 10 | M12: 0.10495031 | N12: 0.89504969 | O12: 0.93170756 | P12: 1 | Q12: 0.097782994 | R12: 10,*(1, - 1,*v1*v3) | S12: 1 | T12: 0.070800893 | U12: 1.299271e+16 | W12: 10 | X12: 0.10840603 | Y12: 0.89159397 | Z12: 0.95021598 | AA12: 1 | AB12: 0.10300915 | AC12: 10,*(1, - 1,*v1*v3) | AD12: 1 | AE12: 0.12196408 | AF12: 8.5815625e+15 | AH12: 10 | AI12: 0.1152199 | AJ12: 0.8847801 | AK12: 0.96219056 | AL12: 1 | AM12: 0.1108635 | AN12: 10,*(1, - 1,*v1*v3) | AO12: 1 | AP12: 0.35634868 | AQ12: 3.8900559e+16 | AS12: 10 | AT12: 0.1308686 | AU12: 0.8691314 | AV12: 0.9724264 | AW12: 1 | AX12: 0.12726008 | AY12: 10,*(1, - 1,*v1*v3) | AZ12: 1 | BA12: 1.5047594e+16 | BB12: 1.9868387e+16 | BD12: 10 | BE12: 0.13428082 | BF12: 0.86571918 | BG12: 0.97372701 | BH12: 1 | BI12: 0.13075286 | BJ12: 10,*(1, - 1,*v1*v3) | BK12: 1 | BL12: 1.8667218e+16 | BM12: 2.5204423e+16 | BO12: 10 | BP12: 0.13602196 | BQ12: 0.86397804 | BR12: 0.9743258 | BS12: 1 | BT12: 0.13252971 | BU12: 10,*(1, - 1,*v1*v3) | BV12: 1 | BW12: 2.0668308e+15 | BX12: 2.8201538e+16 | BZ12: 10 | CA12: 0.11239572 | CB12: 0.88760428 | CC12: 0.95854751 | CD12: 1 | CE12: 0.10773664 | CF12: 10,*(1, - 1,*v1*v3) | CG12: 1 | CH12: 0.23910449 | CI12: 2.3666297e+15
A13: 11 | B13: 0.10409864 | C13: 0.89590136 | D13: 0.91618338 | E13: 1 | F13: 0.095373442 | G13: 10,*(1, - 1,*v1*v3) | H13: 1 | I13: 0.069289732 | J13: 3.2964238e+16 | L13: 11 | M13: 0.10526171 | N13: 0.89473829 | O13: 0.93138592 | P13: 1 | Q13: 0.098039272 | R13: 10,*(1, - 1,*v1*v3) | S13: 1 | T13: 0.07209899 | U13: 1.2980968e+16 | W13: 11 | X13: 0.10917195 | Y13: 0.89082805 | Z13: 0.9504069 | AA13: 1 | AB13: 0.10375778 | AC13: 10,*(1, - 1,*v1*v3) | AD13: 1 | AE13: 0.13063271 | AF13: 866862796277072 | AH13: 11 | AI13: 0.11685803 | AJ13: 0.88314197 | AK13: 0.96253059 | AL13: 1 | AM13: 0.11247943 | AN13: 10,*(1, - 1,*v1*v3) | AO13: 1 | AP13: 0.39623978 | AQ13: 3.9891101e+15 | AS13: 11 | AT13: 0.13461135 | AU13: 0.86538865 | AV13: 0.97290922 | AW13: 1 | AX13: 0.13096462 | AY13: 10,*(1, - 1,*v1*v3) | AZ13: 1 | BA13: 1.7134597e+16 | BB13: 2.0870035e+16 | BD13: 11 | BE13: 0.13850525 | BF13: 0.86149475 | BG13: 0.9742301 | BH13: 1 | BI13: 0.13493598 | BJ13: 10,*(1, - 1,*v1*v3) | BK13: 1 | BL13: 213267201361491 | BM13: 2.659502e+15 | BO13: 11 | BP13: 0.14049517 | BQ13: 0.85950483 | BR13: 0.97483823 | BS13: 1 | BT13: 0.13696006 | BU13: 10,*(1, - 1,*v1*v3) | BV13: 1 | BW13: 236506708740367 | BX13: 2.9823631e+16 | BZ13: 11 | CA13: 0.11367073 | CB13: 0.88632927 | CC13: 0.95884687 | CD13: 1 | CE13: 0.10899282 | CF13: 10,*(1, - 1,*v1*v3) | CG13: 1 | CH13: 0.26325086 | CI13: 2.4146364e+16
A14: 12 | B14: 0.10427253 | C14: 0.89572747 | D14: 0.91493685 | E14: 1 | F14: 0.095402782 | G14: 10,*(1, - 1,*v1*v3) | H14: 1 | I14: 0.06959643 | J14: 3.066973e+16 | L14: 12 | M14: 0.10556954 | N14: 0.89443046 | O14: 0.93118545 | P14: 1 | Q14: 0.098304822 | R14: 10,*(1, - 1,*v1*v3) | S14: 1 | T14: 0.073399207 | U14: 1.3002168e+15 | W14: 12 | X14: 0.10994185 | Y14: 0.89005815 | Z14: 0.95061718 | AA14: 1 | AB14: 0.10451261 | AC14: 10,*(1, - 1,*v1*v3) | AD14: 1 | AE14: 0.13940889 | AF14: 8.7761816e+15 | AH14: 12 | AI14: 0.11851678 | AJ14: 0.88148322 | AK14: 0.96286654 | AL14: 1 | AM14: 0.11411584 | AN14: 10,*(1, - 1,*v1*v3) | AO14: 1 | AP14: 0.43714346 | AQ14: 4.0903682e+15 | AS14: 12 | AT14: 0.13844623 | AU14: 0.86155377 | AV14: 0.97338034 | AW14: 1 | AX14: 0.13476084 | AY14: 10,*(1, - 1,*v1*v3) | AZ14: 1 | BA14: 1.9325796e+15 | BB14: 2.1911983e+16 | BD14: 12 | BE14: 0.14284318 | BF14: 0.85715682 | BG14: 0.97471972 | BH14: 1 | BI14: 0.13923206 | BJ14: 10,*(1, - 1,*v1*v3) | BK14: 1 | BL14: 2.4131301e+16 | BM14: 2.8045807e+16 | BO14: 12 | BP14: 0.14509351 | BQ14: 0.85490649 | BR14: 0.97533627 | BS14: 1 | BT14: 0.14151496 | BU14: 10,*(1, - 1,*v1*v3) | BV14: 1 | BW14: 2.6802499e+16 | BX14: 3.1518278e+16 | BZ14: 12 | CA14: 0.11495853 | CB14: 0.88504147 | CC14: 0.95914378 | CD14: 1 | CE14: 0.11026175 | CF14: 10,*(1, - 1,*v1*v3) | CG14: 1 | CH14: 0.28788604 | CI14: 2.4635186e+16
... A504: 502 | B504: 0.18238738 | C504: 0.81761262 | D504: 0.93422704 | E504: 1 | F504: 0.17039122 | G504: 10,*(1, - 1,*v1*v3) | H504: 1 | I504: 0.25456482 | J504: 5.6385076e+16 | L504: 502 | M504: 0.35711836 | N504: 0.64288164 | O504: 0.96646856 | P504: 1 | Q504: 0.34514366 | R504: 10,*(1, - 1,*v1*v3) | S504: 1 | T504: 2.1178003e+16 | U504: 8.1575053e+15 | W504: 502 | X504: 0.87984184 | Y504: 0.12015816 | Z504: 0.97758151 | AA504: 1 | AB504: 0.86011711 | AC504: 10,*(1, - 1,*v1*v3) | AD504: 1 | AE504: 1.9171518e+15 | AF504: 1.4371382e+16 | AH504: 502 | AI504: 0.97345397 | AJ504: 0.026546028 | AK504: 0.97892843 | AL504: 1 | AM504: 0.95294177 | AN504: 10,*(1, - 1,*v1*v3) | AO504: 1 | AP504: 4.0114496e+15 | AQ504: 676.27779 | AS504: 502 | AT504: 0.97777526 | AU504: 0.022224741 | AV504: 0.98235907 | AW504: 1 | AX504: 0.96052639 | AY504: 10,*(1, - 1,*v1*v3) | AZ504: 1 | BA504: 8.0414214e+15 | BB504: 0 | BD504: 502 | BE504: 0.97831034 | BF504: 0.021689662 | BG504: 0.98278384 | BH504: 1 | BI504: 0.96146759 | BJ504: 10,*(1, - 1,*v1*v3) | BK504: 1 | BL504: 8.8480247e+15 | BM504: 0 | BO504: 502 | BP504: 0.97855537 | BQ504: 0.02144463 | BR504: 0.98297836 | BS504: 1 | BT504: 0.96189876 | BU504: 10,*(1, - 1,*v1*v3) | BV504: 1 | BW504: 9.251458e+15 | BX504: 0 | BZ504: 502 | CA504: 0.97188089 | CB504: 0.02811911 | CC504: 0.97768279 | CD504: 1 | CE504: 0.95019122 | CF504: 10,*(1, - 1,*v1*v3) | CG504: 1 | CH504: 3.2065238e+16 | CI504: 2.7887274e-05
A505: 503 | B505: 0.18258303 | C505: 0.81741697 | D505: 0.93427108 | E505: 1 | F505: 0.17058204 | G505: 10,*(1, - 1,*v1*v3) | H505: 1 | I505: 0.25512965 | J505: 5.6482984e+15 | L505: 503 | M505: 0.3578607 | N505: 0.6421393 | O505: 0.96650318 | P505: 1 | Q505: 0.34587351 | R505: 10,*(1, - 1,*v1*v3) | S505: 1 | T505: 2.1259744e+15 | U505: 817416286854537 | W505: 503 | X505: 0.88083141 | Y505: 0.11916859 | Z505: 0.97754937 | AA505: 1 | AB505: 0.86105619 | AC505: 10,*(1, - 1,*v1*v3) | AD505: 1 | AE505: 1.918572e+15 | AF505: 1.420191e+15
A506: 504 | B506: 0.18277884 | C506: 0.81722116 | D506: 0.93431507 | E506: 1 | F506: 0.17077303 | G506: 10,*(1, - 1,*v1*v3) | H506: 1 | I506: 0.25569546 | J506: 5.6581023e+15 | L506: 504 | M506: 0.3586038 | N506: 0.6413962 | O506: 0.96653769 | P506: 1 | Q506: 0.34660409 | R506: 10,*(1, - 1,*v1*v3) | S506: 1 | T506: 2.1341652e+15 | U506: 819077672101595 | W506: 504 | X506: 0.88181523 | Y506: 0.11818477 | Z506: 0.97751707 | AA506: 1 | AB506: 0.86198944 | AC506: 10,*(1, - 1,*v1*v3) | AD506: 1 | AE506: 1.9199754e+16 | AF506: 1.4033867e+15
A507: 505 | B507: 0.18297483 | C507: 0.81702517 | D507: 0.93435901 | E507: 1 | F507: 0.17096418 | G507: 10,*(1, - 1,*v1*v3) | H507: 1 | I507: 0.25626225 | J507: 5.6679195e+15 | L507: 505 | M507: 0.35934766 | N507: 0.64065234 | O507: 0.96657209 | P507: 1 | Q507: 0.34733542 | R507: 10,*(1, - 1,*v1*v3) | S507: 1 | T507: 2.1423726e+15 | U507: 8.2073464e+15 | W507: 505 | X507: 0.88279332 | Y507: 0.11720668 | Z507: 0.97748462 | AA507: 1 | AB507: 0.86291689 | AC507: 10,*(1, - 1,*v1*v3) | AD507: 1 | AE507: 1.9213621e+16 | AF507: 1.3867246e+16
A508: 506 | B508: 0.18317098 | C508: 0.81682902 | D508: 0.93440291 | E508: 1 | F508: 0.1711555 | G508: 10,*(1, - 1,*v1*v3) | H508: 1 | I508: 0.25683003 | J508: 5.6777499e+15 | L508: 506 | M508: 0.36009226 | N508: 0.63990774 | O508: 0.96660638 | P508: 1 | Q508: 0.34806748 | R508: 10,*(1, - 1,*v1*v3) | S508: 1 | T508: 2.1505964e+16 | U508: 822387134332781 | W508: 506 | X508: 0.88376568 | Y508: 0.11623432 | Z508: 0.97745201 | AA508: 1 | AB508: 0.86383854 | AC508: 10,*(1, - 1,*v1*v3) | AD508: 1 | AE508: 1.9227323e+16 | AF508: 1.3702038e+16
A509: 507 | B509: 0.1833673 | C509: 0.8166327 | D509: 0.93444675 | E509: 1 | F509: 0.17134698 | G509: 10,*(1, - 1,*v1*v3) | H509: 1 | I509: 0.25739879 | J509: 5.6875935e+15 | L509: 507 | M509: 0.36083761 | N509: 0.63916239 | O509: 0.96664055 | P509: 1 | Q509: 0.34880027 | R509: 10,*(1, - 1,*v1*v3) | S509: 1 | T509: 2.1588368e+16 | U509: 8.2403511e+15 | W509: 507 | X509: 0.88473233 | Y509: 0.11526767 | Z509: 0.97741925 | AA509: 1 | AB509: 0.86475441 | AC509: 10,*(1, - 1,*v1*v3) | AD509: 1 | AE509: 1.9240861e+15 | AF509: 1.3538237e+16
A510: 508 | B510: 0.18356379 | C510: 0.81643621 | D510: 0.93449055 | E510: 1 | F510: 0.17153863 | G510: 10,*(1, - 1,*v1*v3) | H510: 1 | I510: 0.25796853 | J510: 5.6974502e+15 | L510: 508 | M510: 0.3615837 | N510: 0.6384163 | O510: 0.96667461 | P510: 1 | Q510: 0.34953378 | R510: 10,*(1, - 1,*v1*v3) | S510: 1 | T510: 2.1670936e+15 | U510: 8.2567853e+15 | W510: 508 | X510: 0.88569328 | Y510: 0.11430672 | Z510: 0.97738634 | AA510: 1 | AB510: 0.86566452 | AC510: 10,*(1, - 1,*v1*v3) | AD510: 1 | AE510: 192542369658773 | AF510: 1.3375835e+16
A511: 509 | B511: 0.18376046 | C511: 0.81623954 | D511: 0.9345343 | E511: 1 | F511: 0.17173045 | G511: 10,*(1, - 1,*v1*v3) | H511: 1 | I511: 0.25853926 | J511: 5.7073201e+15 | L511: 509 | M511: 0.36233053 | N511: 0.63766947 | O511: 0.96670856 | P511: 1 | Q511: 0.35026803 | R511: 10,*(1, - 1,*v1*v3) | S511: 1 | T511: 2.1753667e+16 | U511: 8.2731732e+15 | W511: 509 | X511: 0.88664855 | Y511: 0.11335145 | Z511: 0.97735329 | AA511: 1 | AB511: 0.86656888 | AC511: 10,*(1, - 1,*v1*v3) | AD511: 1 | AE511: 1.9267452e+15 | AF511: 1.3214823e+15
A512: 510 | B512: 0.18395729 | C512: 0.81604271 | D512: 0.934578 | E512: 1 | F512: 0.17192244 | G512: 10,*(1, - 1,*v1*v3) | H512: 1 | I512: 0.25911098 | J512: 5.7172032e+15 | L512: 510 | M512: 0.36307811 | N512: 0.63692189 | O512: 0.96674239 | P512: 1 | Q512: 0.351003 | R512: 10,*(1, - 1,*v1*v3) | S512: 1 | T512: 2.1836563e+16 | U512: 8.2895145e+15 | W512: 510 | X512: 0.88759816 | Y512: 0.11240184 | Z512: 0.9773201 | AA512: 1 | AB512: 0.86746752 | AC512: 10,*(1, - 1,*v1*v3) | AD512: 1 | AE512: 1.9280507e+15 | AF512: 1.3055192e+16
A513: 511 | B513: 0.18415429 | C513: 0.81584571 | D513: 0.93462165 | E513: 1 | F513: 0.17211459 | G513: 10,*(1, - 1,*v1*v3) | H513: 1 | I513: 0.25968369 | J513: 572709949740206 | L513: 511 | M513: 0.36382641 | N513: 0.63617359 | O513: 0.96677612 | P513: 1 | Q513: 0.35173869 | R513: 10,*(1, - 1,*v1*v3) | S513: 1 | T513: 2.1919621e+16 | U513: 8.3058087e+15 | W513: 511 | X513: 0.88854211 | Y513: 0.11145789 | Z513: 0.97728676 | AA513: 1 | AB513: 0.86836044 | AC513: 10,*(1, - 1,*v1*v3) | AD513: 1 | AE513: 1.9293404e+16 | AF513: 1.2896934e+16
A514: 512 | B514: 0.18435146 | C514: 0.81564854 | D514: 0.93466525 | E514: 1 | F514: 0.17230691 | G514: 10,*(1, - 1,*v1*v3) | H514: 1 | I514: 0.26025739 | J514: 5.7370089e+15 | L514: 512 | M514: 0.36457545 | N514: 0.63542455 | O514: 0.96680973 | P514: 1 | Q514: 0.35247509 | R514: 10,*(1, - 1,*v1*v3) | S514: 1 | T514: 2.2002841e+16 | U514: 8.3220553e+15 | W514: 512 | X514: 0.88948042 | Y514: 0.11051958 | Z514: 0.97725328 | AA514: 1 | AB514: 0.86924766 | AC514: 10,*(1, - 1,*v1*v3) | AD514: 1 | AE514: 1.9306144e+15 | AF514: 1.2740041e+16
A515: 513 | B515: 0.1845488 | C515: 0.8154512 | D515: 0.93470881 | E515: 1 | F515: 0.17249939 | G515: 10,*(1, - 1,*v1*v3) | H515: 1 | I515: 0.26083209 | J515: 574693151829117 | L515: 513 | M515: 0.36532522 | N515: 0.63467478 | O515: 0.96684323 | P515: 1 | Q515: 0.35321221 | R515: 10,*(1, - 1,*v1*v3) | S515: 1 | T515: 2.2086224e+15 | U515: 833825375825209 | W515: 513 | X515: 0.8904131 | Y515: 0.1095869 | Z515: 0.97721967 | AA515: 1 | AB515: 0.87012919 | AC515: 10,*(1, - 1,*v1*v3) | AD515: 1 | AE515: 1.9318728e+16 | AF515: 1.2584502e+16
A516: 514 | B516: 0.18474632 | C516: 0.81525368 | D516: 0.93475232 | E516: 1 | F516: 0.17269205 | G516: 10,*(1, - 1,*v1*v3) | H516: 1 | I516: 0.26140777 | J516: 5.7568673e+15 | L516: 514 | M516: 0.36607571 | N516: 0.63392429 | O516: 0.96687662 | P516: 1 | Q516: 0.35395005 | R516: 10,*(1, - 1,*v1*v3) | S516: 1 | T516: 2.2169768e+16 | U516: 8.3544036e+15 | W516: 514 | X516: 0.89134017 | Y516: 0.10865983 | Z516: 0.97718592 | AA516: 1 | AB516: 0.87100506 | AC516: 10,*(1, - 1,*v1*v3) | AD516: 1 | AE516: 1.9331159e+16 | AF516: 1.243031e+16
... A4004: 4002 | B4004: 0.94941868 | C4004: 0.050581317 | D4004: 0.95996577 | E4004: 1 | F4004: 0.91140943 | G4004: 10,*(1, - 1,*v1*v3) | H4004: 1 | I4004: 3.3869413e+16 | J4004: 0.00039468677 | L4004: 4002 | M4004: 0.95974671 | N4004: 0.040253289 | O4004: 0.9680438 | P4004: 1 | Q4004: 0.92907686 | R4004: 10,*(1, - 1,*v1*v3) | S4004: 1 | T4004: 7.9779162e+15 | U4004: 0 | W4004: 4002 | X4004: 0.96826427 | Y4004: 0.031735725 | Z4004: 0.97480792 | AA4004: 1 | AB4004: 0.94387169 | AC4004: 10,*(1, - 1,*v1*v3) | AD4004: 1 | AE4004: 2.0013373e+15 | AF4004: 0

Sheet calc_error
A1: 4°C | L1: 8°C | W1: 15 °C | AH1: 20°C | AS1: 25°C | BD1: 35°C | BO1: 37°C | BZ1: 40°C
A2: experiment | C2: simulation | L2: experiment | N2: simulation | W2: experiment | Y2: simulation | AH2: experiment | AJ2: simulation | AS2: experiment | AU2: simulation | BD2: experiment | BF2: simulation | BO2: experiment | BQ2: simulation | BZ2: experiment | CB2: simulation
A3: Time | B3: avg Con | C3: timestep | D3: result | E3: mapping | F3: abs error | G3: rel error | H3: abs error sq | L3: Time | M3: avg Con | N3: timestep | O3: result | P3: mapping | Q3: abs error | R3: rel error | S3: abs error sq | W3: Time | X3: avg Con | Y3: timestep | Z3: result | AA3: mapping | AB3: abs error | AC3: rel error | AD3: abs error sq | AH3: Time | AI3: avg Con | AJ3: timestep | AK3: result | AL3: mapping | AM3: abs error | AN3: rel error | AO3: abs error sq | AS3: Time | AT3: avg Con | AU3: timestep | AV3: result | AW3: mapping | AX3: abs error | AY3: rel error | AZ3: abs error sq | BD3: Time | BE3: avg Con | BF3: timestep | BG3: result | BH3: mapping | BI3: abs error | BJ3: rel error | BK3: abs error sq | BO3: Time | BP3: avg Con | BQ3: timestep | BR3: result | BS3: mapping | BT3: abs error | BU3: rel error | BV3: abs error sq | BZ3: Time | CA3: avg Con | CB3: timestep | CC3: result | CD3: mapping | CE3: abs error | CF3: rel error | CG3: abs error sq
A4: 0 | B4: =SUM(St!B3:B5)/3 -> 4.1833333 | C4: =A4*10+1 -> 1 | D4: {=INDEX(simulation!F:F, C4 + 2)} -> 0.1 | E4: =$B$21*D4+$D$21 -> 4.2413793 | F4: =E4-B4 -> 0.058045977 | G4: =F4/E4 -> 0.013685637 | H4: =F4^2 -> 0.0033693354 | L4: 0 | M4: =SUM(St!E3:E5)/3 -> 4.1833333 | N4: =L4*10+1 -> 1 | O4: {=INDEX(simulation!Q:Q, N4 + 2)} -> 0.1 | P4: =$B$21*O4+$D$21 -> 4.2413793 | Q4: =P4-M4 -> 0.058045977 | R4: =Q4/P4 -> 0.013685637 | S4: =Q4^2 -> 0.0033693354 | W4: 0 | X4: =SUM(St!H3:H5)/3 -> 4.2733333 | Y4: =W4*10+1 -> 1 | Z4: {=INDEX(simulation!AB:AB, Y4 + 2)} -> 0.1 | AA4: =$B$21*Z4+$D$21 -> 4.2413793 | AB4: =AA4-X4 -> -0.031954023 | AC4: =AB4/AA4 -> -0.0075338753 | AD4: =AB4^2 -> 0.0010210596 | AH4: 0 | AI4: =SUM(St!K3:K5)/3 -> 4.27 | AJ4: =AH4*10+1 -> 1 | AK4: {=INDEX(simulation!AM:AM, AJ4 + 2)} -> 0.1 | AL4: =$B$21*AK4+$D$21 -> 4.2413793 | AM4: =AL4-AI4 -> -0.02862069 | AN4: =AM4/AL4 -> -0.0067479675 | AO4: =AM4^2 -> 0.00081914388 | AS4: 0 | AT4: =SUM(St!N3:N5)/3 -> 4.1833333 | AU4: =AS4*10+1 -> 1 | AV4: {=INDEX(simulation!AX:AX, AU4 + 2)} -> 0.1 | AW4: =$B$21*AV4+$D$21 -> 4.2413793 | AX4: =AW4-AT4 -> 0.058045977 | AY4: =AX4/AW4 -> 0.013685637 | AZ4: =AX4^2 -> 0.0033693354 | BD4: 0 | BE4: =SUM(St!Q3:Q5)/3 -> 4.2733333 | BF4: =BD4*10+1 -> 1 | BG4: {=INDEX(simulation!BI:BI, BF4 + 2)} -> 0.1 | BH4: =$B$21*BG4+$D$21 -> 4.2413793 | BI4: =BH4-BE4 -> -0.031954023 | BJ4: =BI4/BH4 -> -0.0075338753 | BK4: =BI4^2 -> 0.0010210596 | BO4: 0 | BP4: =SUM(St!T3:T5)/3 -> 4.3 | BQ4: =BO4*10+1 -> 1 | BR4: {=INDEX(simulation!BT:BT, BQ4 + 2)} -> 0.1 | BS4: =$B$21*BR4+$D$21 -> 4.2413793 | BT4: =BS4-BP4 -> -0.05862069 | BU4: =BT4/BS4 -> -0.013821138 | BV4: =BT4^2 -> 0.0034363853 | BZ4: 0 | CA4: =SUM(St!W3:W5)/3 -> 4.2733333 | CB4: =BZ4*10+1 -> 1 | CC4: {=INDEX(simulation!CE:CE, CB4 + 2)} -> 0.1 | CD4: =$B$21*CC4+$D$21 -> 4.2413793 | CE4: =CD4-CA4 -> -0.031954023 | CF4: =CE4/CD4 -> -0.0075338753 | CG4: =CE4^2 -> 0.0010210596
A5: 60 | B5: =SUM(St!B6:B8)/3 -> 4.45 | C5: =A5*10+1 -> 601 | D5: {=INDEX(simulation!F:F, C5 + 2)} -> 0.19010125 | E5: =$B$21*D5+$D$21 -> 4.6142121 | F5: =E5-B5 -> 0.16421207 | G5: =F5/E5 -> 0.035588323 | H5: =F5^2 -> 0.026965604 | L5: 60 | M5: =SUM(St!E6:E8)/3 -> 5.3366667 | N5: =L5*10+1 -> 601 | O5: {=INDEX(simulation!Q:Q, N5 + 2)} -> 0.42050671 | P5: =$B$21*O5+$D$21 -> 5.567614 | Q5: =P5-M5 -> 0.23094729 | R5: =Q5/P5 -> 0.041480478 | S5: =Q5^2 -> 0.05333665 | W5: 20 | X5: =SUM(St!H6:H8)/3 -> 5.0833333 | Y5: =W5*10+1 -> 201 | Z5: {=INDEX(simulation!AB:AB, Y5 + 2)} -> 0.35065807 | AA5: =$B$21*Z5+$D$21 -> 5.2785851 | AB5: =AA5-X5 -> 0.19525178 | AC5: =AB5/AA5 -> 0.036989415 | AD5: =AB5^2 -> 0.038123257 | AH5: 5 | AI5: =SUM(St!K6:K8)/3 -> 4.5766667 | AJ5: =AH5*10+1 -> 51 | AK5: {=INDEX(simulation!AM:AM, AJ5 + 2)} -> 0.19570771 | AL5: =$B$21*AK5+$D$21 -> 4.6374112 | AM5: =AL5-AI5 -> 0.060744535 | AN5: =AM5/AL5 -> 0.013098803 | AO5: =AM5^2 -> 0.0036898985 | AS5: 6 | AT5: =SUM(St!N6:N8)/3 -> 5.0866667 | AU5: =AS5*10+1 -> 61 | AV5: {=INDEX(simulation!AX:AX, AU5 + 2)} -> 0.4394665 | AW5: =$B$21*AV5+$D$21 -> 5.6460683 | AX5: =AW5-AT5 -> 0.55940163 | AY5: =AX5/AW5 -> 0.099078084 | AZ5: =AX5^2 -> 0.31293018 | BD5: 3 | BE5: =SUM(St!Q6:Q8)/3 -> 4.5566667 | BF5: =BD5*10+1 -> 31 | BG5: {=INDEX(simulation!BI:BI, BF5 + 2)} -> 0.24398775 | BH5: =$B$21*BG5+$D$21 -> 4.8371907 | BI5: =BH5-BE5 -> 0.28052401 | BJ5: =BI5/BH5 -> 0.057993169 | BK5: =BI5^2 -> 0.078693723 | BO5: 2 | BP5: =SUM(St!T6:T8)/3 -> 4.3333333 | BQ5: =BO5*10+1 -> 21 | BR5: {=INDEX(simulation!BT:BT, BQ5 + 2)} -> 0.18839106 | BS5: =$B$21*BR5+$D$21 -> 4.6071354 | BT5: =BS5-BP5 -> 0.2738021 | BU5: =BT5/BS5 -> 0.059430008 | BV5: =BT5^2 -> 0.074967589 | BZ5: 4 | CA5: =SUM(St!W6:W8)/3 -> 4.3266667 | CB5: =BZ5*10+1 -> 41 | CC5: {=INDEX(simulation!CE:CE, CB5 + 2)} -> 0.15302107 | CD5: =$B$21*CC5+$D$21 -> 4.4607769 | CE5: =CD5-CA5 -> 0.13411019 | CF5: =CE5/CD5 -> 0.030064313 | CG5: =CE5^2 -> 0.017985544
A6: 123 | B6: =SUM(St!B9:B11)/3 -> 5.2233333 | C6: =A6*10+1 -> 1231 | D6: {=INDEX(simulation!F:F, C6 + 2)} -> 0.35480848 | E6: =$B$21*D6+$D$21 -> 5.2957592 | F6: =E6-B6 -> 0.07242588 | G6: =F6/E6 -> 0.013676203 | H6: =F6^2 -> 0.0052455081 | L6: 80 | M6: =SUM(St!E9:E11)/3 -> 6.2033333 | N6: =L6*10+1 -> 801 | O6: {=INDEX(simulation!Q:Q, N6 + 2)} -> 0.58068277 | P6: =$B$21*O6+$D$21 -> 6.2304114 | Q6: =P6-M6 -> 0.027078112 | R6: =Q6/P6 -> 0.0043461195 | S6: =Q6^2 -> 0.00073322417 | W6: 34 | X6: =SUM(St!H9:H11)/3 -> 6.4066667 | Y6: =W6*10+1 -> 341 | Z6: {=INDEX(simulation!AB:AB, Y6 + 2)} -> 0.62814074 | AA6: =$B$21*Z6+$D$21 -> 6.4267893 | AB6: =AA6-X6 -> 0.020122591 | AC6: =AB6/AA6 -> 0.0031310488 | AD6: =AB6^2 -> 0.00040491867 | AH6: 11 | AI6: =SUM(St!K9:K11)/3 -> 4.9033333 | AJ6: =AH6*10+1 -> 111 | AK6: {=INDEX(simulation!AM:AM, AJ6 + 2)} -> 0.39382699 | AL6: =$B$21*AK6+$D$21 -> 5.4572151 | AM6: =AL6-AI6 -> 0.5538818 | AN6: =AM6/AL6 -> 0.10149532 | AO6: =AM6^2 -> 0.30678505 | AS6: 9 | AT6: =SUM(St!N9:N11)/3 -> 6.0066667 | AU6: =AS6*10+1 -> 91 | AV6: {=INDEX(simulation!AX:AX, AU6 + 2)} -> 0.67682473 | AW6: =$B$21*AV6+$D$21 -> 6.6282402 | AX6: =AW6-AT6 -> 0.62157358 | AY6: =AX6/AW6 -> 0.093776561 | AZ6: =AX6^2 -> 0.38635371 | BD6: 6 | BE6: =SUM(St!Q9:Q11)/3 -> 5.02 | BF6: =BD6*10+1 -> 61 | BG6: {=INDEX(simulation!BI:BI, BF6 + 2)} -> 0.48941633 | BH6: =$B$21*BG6+$D$21 -> 5.8527572 | BI6: =BH6-BE6 -> 0.83275722 | BJ6: =BI6/BH6 -> 0.1422846 | BK6: =BI6^2 -> 0.69348459 | BO6: 4 | BP6: =SUM(St!T9:T11)/3 -> 4.47 | BQ6: =BO6*10+1 -> 41 | BR6: {=INDEX(simulation!BT:BT, BQ6 + 2)} -> 0.33185431 | BS6: =$B$21*BR6+$D$21 -> 5.2007765 | BT6: =BS6-BP6 -> 0.73077647 | BU6: =BT6/BS6 -> 0.14051296 | BV6: =BT6^2 -> 0.53403425 | BZ6: 10 | CA6: =SUM(St!W9:W11)/3 -> 4.55 | CB6: =BZ6*10+1 -> 101 | CC6: {=INDEX(simulation!CE:CE, CB6 + 2)} -> 0.28319583 | CD6: =$B$21*CC6+$D$21 -> 4.999431 | CE6: =CD6-CA6 -> 0.44943103 | CF6: =CE6/CD6 -> 0.089896435 | CG6: =CE6^2 -> 0.20198825
A7: 169 | B7: =SUM(St!B12:B14)/3 -> 5.45 | C7: =A7*10+1 -> 1691 | D7: {=INDEX(simulation!F:F, C7 + 2)} -> 0.50658475 | E7: =$B$21*D7+$D$21 -> 5.923799 | F7: =E7-B7 -> 0.47379898 | G7: =F7/E7 -> 0.079982286 | H7: =F7^2 -> 0.22448548 | L7: 100 | M7: =SUM(St!E12:E14)/3 -> 7.0033333 | N7: =L7*10+1 -> 1001 | O7: {=INDEX(simulation!Q:Q, N7 + 2)} -> 0.72489887 | P7: =$B$21*O7+$D$21 -> 6.8271677 | Q7: =P7-M7 -> -0.17616561 | R7: =Q7/P7 -> -0.025803615 | S7: =Q7^2 -> 0.031034321 | W7: 44 | X7: =SUM(St!H12:H14)/3 -> 7.2766667 | Y7: =W7*10+1 -> 441 | Z7: {=INDEX(simulation!AB:AB, Y7 + 2)} -> 0.79127684 | AA7: =$B$21*Z7+$D$21 -> 7.1018352 | AB7: =AA7-X7 -> -0.17483147 | AC7: =AB7/AA7 -> -0.024617787 | AD7: =AB7^2 -> 0.030566043 | AH7: 16 | AI7: =SUM(St!K12:K14)/3 -> 5.8833333 | AJ7: =AH7*10+1 -> 161 | AK7: {=INDEX(simulation!AM:AM, AJ7 + 2)} -> 0.59541271 | AL7: =$B$21*AK7+$D$21 -> 6.2913629 | AM7: =AL7-AI7 -> 0.40802961 | AN7: =AM7/AL7 -> 0.064855519 | AO7: =AM7^2 -> 0.16648816 | AS7: 12 | AT7: =SUM(St!N12:N14)/3 -> 7.0533333 | AU7: =AS7*10+1 -> 121 | AV7: {=INDEX(simulation!AX:AX, AU7 + 2)} -> 0.84674197 | AW7: =$B$21*AV7+$D$21 -> 7.3313461 | AX7: =AW7-AT7 -> 0.27801273 | AY7: =AX7/AW7 -> 0.037921104 | AZ7: =AX7^2 -> 0.07729108 | BD7: 7 | BE7: =SUM(St!Q12:Q14)/3 -> 5.5433333 | BF7: =BD7*10+1 -> 71 | BG7: {=INDEX(simulation!BI:BI, BF7 + 2)} -> 0.57896367 | BH7: =$B$21*BG7+$D$21 -> 6.2232979 | BI7: =BH7-BE7 -> 0.6799646 | BJ7: =BI7/BH7 -> 0.10926114 | BK7: =BI7^2 -> 0.46235186 | BO7: 8 | BP7: =SUM(St!T12:T14)/3 -> 5.0766667 | BQ7: =BO7*10+1 -> 81 | BR7: {=INDEX(simulation!BT:BT, BQ7 + 2)} -> 0.69211051 | BS7: =$B$21*BR7+$D$21 -> 6.6914918 | BT7: =BS7-BP7 -> 1.6148251 | BU7: =BT7/BS7 -> 0.24132513 | BV7: =BT7^2 -> 2.6076601 | BZ7: 15 | CA7: =SUM(St!W12:W14)/3 -> 4.9166667 | CB7: =BZ7*10+1 -> 151 | CC7: {=INDEX(simulation!CE:CE, CB7 + 2)} -> 0.43170533 | CD7: =$B$21*CC7+$D$21 -> 5.6139531 | CE7: =CD7-CA7 -> 0.69728644 | CF7: =CE7/CD7 -> 0.12420596 | CG7: =CE7^2 -> 0.48620838
A8: 203 | B8: =SUM(St!B15:B17)/3 -> 6.1766667 | C8: =A8*10+1 -> 2031 | D8: {=INDEX(simulation!F:F, C8 + 2)} -> 0.61942934 | E8: =$B$21*D8+$D$21 -> 6.3907421 | F8: =E8-B8 -> 0.21407542 | G8: =F8/E8 -> 0.033497741 | H8: =F8^2 -> 0.045828287 | L8: 123 | M8: =SUM(St!E15:E17)/3 -> 7.35 | N8: =L8*10+1 -> 1231 | O8: {=INDEX(simulation!Q:Q, N8 + 2)} -> 0.84486448 | P8: =$B$21*O8+$D$21 -> 7.3235771 | Q8: =P8-M8 -> -0.026422859 | R8: =Q8/P8 -> -0.0036079171 | S8: =Q8^2 -> 0.0006981675 | W8: 52 | X8: =SUM(St!H15:H17)/3 -> 8.05 | Y8: =W8*10+1 -> 521 | Z8: {=INDEX(simulation!AB:AB, Y8 + 2)} -> 0.87697876 | AA8: =$B$21*Z8+$D$21 -> 7.4564638 | AB8: =AA8-X8 -> -0.59353616 | AC8: =AB8/AA8 -> -0.079600219 | AD8: =AB8^2 -> 0.35228517 | AH8: 22 | AI8: =SUM(St!K15:K17)/3 -> 6.3566667 | AJ8: =AH8*10+1 -> 221 | AK8: {=INDEX(simulation!AM:AM, AJ8 + 2)} -> 0.7959065 | AL8: =$B$21*AK8+$D$21 -> 7.1209924 | AM8: =AL8-AI8 -> 0.76432573 | AN8: =AM8/AL8 -> 0.10733416 | AO8: =AM8^2 -> 0.58419382 | AS8: 16 | AT8: =SUM(St!N15:N17)/3 -> 8.07 | AU8: =AS8*10+1 -> 161 | AV8: {=INDEX(simulation!AX:AX, AU8 + 2)} -> 0.94844511 | AW8: =$B$21*AV8+$D$21 -> 7.7521866 | AX8: =AW8-AT8 -> -0.31781336 | AY8: =AX8/AW8 -> -0.040996608 | AZ8: =AX8^2 -> 0.10100533 | BD8: 9 | BE8: =SUM(St!Q15:Q17)/3 -> 6.6866667 | BF8: =BD8*10+1 -> 91 | BG8: {=INDEX(simulation!BI:BI, BF8 + 2)} -> 0.73799423 | BH8: =$B$21*BG8+$D$21 -> 6.8813554 | BI8: =BH8-BE8 -> 0.19468875 | BJ8: =BI8/BH8 -> 0.02829221 | BK8: =BI8^2 -> 0.03790371 | BO8: 11 | BP8: =SUM(St!T15:T17)/3 -> 6.5066667 | BQ8: =BO8*10+1 -> 111 | BR8: {=INDEX(simulation!BT:BT, BQ8 + 2)} -> 0.87235009 | BS8: =$B$21*BR8+$D$21 -> 7.4373107 | BT8: =BS8-BP8 -> 0.93064404 | BU8: =BT8/BS8 -> 0.1251318 | BV8: =BT8^2 -> 0.86609833 | BZ8: 18 | CA8: =SUM(St!W15:W17)/3 -> 5.7666667 | CB8: =BZ8*10+1 -> 181 | CC8: {=INDEX(simulation!CE:CE, CB8 + 2)} -> 0.52925019 | CD8: =$B$21*CC8+$D$21 -> 6.017587 | CE8: =CD8-CA8 -> 0.25092032 | CF8: =CE8/CD8 -> 0.041697831 | CG8: =CE8^2 -> 0.062961009
A9: 221 | B9: =SUM(St!B18:B20)/3 -> 6.61 | C9: =A9*10+1 -> 2211 | D9: {=INDEX(simulation!F:F, C9 + 2)} -> 0.67481001 | E9: =$B$21*D9+$D$21 -> 6.6199035 | F9: =E9-B9 -> 0.0099035025 | G9: =F9/E9 -> 0.0014960192 | H9: =F9^2 -> 9.8079362e-05 | L9: 143 | M9: =SUM(St!E18:E20)/3 -> 7.5066667 | N9: =L9*10+1 -> 1431 | O9: {=INDEX(simulation!Q:Q, N9 + 2)} -> 0.90638968 | P9: =$B$21*O9+$D$21 -> 7.5781642 | Q9: =P9-M9 -> 0.071497546 | R9: =Q9/P9 -> 0.0094346789 | S9: =Q9^2 -> 0.0051118991 | W9: 70 | X9: =SUM(St!H18:H20)/3 -> 8.0266667 | Y9: =W9*10+1 -> 701 | Z9: {=INDEX(simulation!AB:AB, Y9 + 2)} -> 0.94346477 | AA9: =$B$21*Z9+$D$21 -> 7.7315784 | AB9: =AA9-X9 -> -0.29508829 | AC9: =AB9/AA9 -> -0.03816663 | AD9: =AB9^2 -> 0.087077101 | AH9: 26 | AI9: =SUM(St!K18:K20)/3 -> 7.75 | AJ9: =AH9*10+1 -> 261 | AK9: {=INDEX(simulation!AM:AM, AJ9 + 2)} -> 0.88057707 | AL9: =$B$21*AK9+$D$21 -> 7.4713534 | AM9: =AL9-AI9 -> -0.2786466 | AN9: =AM9/AL9 -> -0.037295332 | AO9: =AM9^2 -> 0.077643929 | AS9: 24 | AT9: =SUM(St!N18:N20)/3 -> 8.0866667 | AU9: =AS9*10+1 -> 241 | AV9: {=INDEX(simulation!AX:AX, AU9 + 2)} -> 0.96052638 | AW9: =$B$21*AV9+$D$21 -> 7.8021781 | AX9: =AW9-AT9 -> -0.28448855 | AY9: =AX9/AW9 -> -0.036462709 | AZ9: =AX9^2 -> 0.080933734 | BD9: 11 | BE9: =SUM(St!Q18:Q20)/3 -> 7.1966667 | BF9: =BD9*10+1 -> 111 | BG9: {=INDEX(simulation!BI:BI, BF9 + 2)} -> 0.8513289 | BH9: =$B$21*BG9+$D$21 -> 7.3503265 | BI9: =BH9-BE9 -> 0.15365981 | BJ9: =BI9/BH9 -> 0.020905169 | BK9: =BI9^2 -> 0.023611339 | BO9: 12 | BP9: =SUM(St!T18:T20)/3 -> 7.3233333 | BQ9: =BO9*10+1 -> 121 | BR9: {=INDEX(simulation!BT:BT, BQ9 + 2)} -> 0.90750084 | BS9: =$B$21*BR9+$D$21 -> 7.5827621 | BT9: =BS9-BP9 -> 0.25942876 | BU9: =BT9/BS9 -> 0.034212963 | BV9: =BT9^2 -> 0.067303281 | BZ9: 24 | CA9: =SUM(St!W18:W20)/3 -> 6.74 | CB9: =BZ9*10+1 -> 241 | CC9: {=INDEX(simulation!CE:CE, CB9 + 2)} -> 0.71076029 | CD9: =$B$21*CC9+$D$21 -> 6.7686633 | CE9: =CD9-CA9 -> 0.028663289 | CF9: =CE9/CD9 -> 0.0042347045 | CG9: =CE9^2 -> 0.00082158415
A10: 252 | B10: =SUM(St!B21:B23)/3 -> 7.21 | C10: =A10*10+1 -> 2521 | D10: {=INDEX(simulation!F:F, C10 + 2)} -> 0.75855602 | E10: =$B$21*D10+$D$21 -> 6.9664387 | F10: =E10-B10 -> -0.24356128 | G10: =F10/E10 -> -0.034962094 | H10: =F10^2 -> 0.059322099 | L10: 169 | M10: =SUM(St!E21:E23)/3 -> 7.5233333 | N10: =L10*10+1 -> 1691 | O10: {=INDEX(simulation!Q:Q, N10 + 2)} -> 0.92854084 | P10: =$B$21*O10+$D$21 -> 7.6698242 | Q10: =P10-M10 -> 0.14649084 | R10: =Q10/P10 -> 0.019099635 | S10: =Q10^2 -> 0.021459567 | W10: 83 | X10: =SUM(St!H21:H23)/3 -> 8.0733333 | Y10: =W10*10+1 -> 831 | Z10: {=INDEX(simulation!AB:AB, Y10 + 2)} -> 0.94387062 | AA10: =$B$21*Z10+$D$21 -> 7.7332578 | AB10: =AA10-X10 -> -0.34007558 | AC10: =AB10/AA10 -> -0.04397572 | AD10: =AB10^2 -> 0.1156514 | AH10: 32 | AI10: =SUM(St!K21:K23)/3 -> 8.01 | AJ10: =AH10*10+1 -> 321 | AK10: {=INDEX(simulation!AM:AM, AJ10 + 2)} -> 0.94478761 | AL10: =$B$21*AK10+$D$21 -> 7.7370522 | AM10: =AL10-AI10 -> -0.27294783 | AN10: =AM10/AL10 -> -0.035278013 | AO10: =AM10^2 -> 0.074500517 | AS10: 26 | AT10: =SUM(St!N21:N23)/3 -> 8.2633333 | AU10: =AS10*10+1 -> 261 | AV10: {=INDEX(simulation!AX:AX, AU10 + 2)} -> 0.96052639 | AW10: =$B$21*AV10+$D$21 -> 7.8021782 | AX10: =AW10-AT10 -> -0.46115516 | AY10: =AX10/AW10 -> -0.059105951 | AZ10: =AX10^2 -> 0.21266408 | BD10: 15 | BE10: =SUM(St!Q21:Q23)/3 -> 8.0133333 | BF10: =BD10*10+1 -> 151 | BG10: {=INDEX(simulation!BI:BI, BF10 + 2)} -> 0.95408032 | BH10: =$B$21*BG10+$D$21 -> 7.7755048 | BI10: =BH10-BE10 -> -0.23782857 | BJ10: =BI10/BH10 -> -0.030586898 | BK10: =BI10^2 -> 0.056562429 | BO10: 15 | BP10: =SUM(St!T21:T23)/3 -> 7.9033333 | BQ10: =BO10*10+1 -> 151 | BR10: {=INDEX(simulation!BT:BT, BQ10 + 2)} -> 0.95904483 | BS10: =$B$21*BR10+$D$21 -> 7.7960476 | BT10: =BS10-BP10 -> -0.10728576 | BU10: =BT10/BS10 -> -0.013761559 | BV10: =BT10^2 -> 0.011510235 | BZ10: 30 | CA10: =SUM(St!W21:W23)/3 -> 7.5266667 | CB10: =BZ10*10+1 -> 301 | CC10: {=INDEX(simulation!CE:CE, CB10 + 2)} -> 0.84180661 | CD10: =$B$21*CC10+$D$21 -> 7.3109239 | CE10: =CD10-CA10 -> -0.21574275 | CF10: =CE10/CD10 -> -0.029509642 | CG10: =CE10^2 -> 0.046544933
A11: 294 | B11: =SUM(St!B24:B26)/3 -> 7.5233333 | C11: =A11*10+1 -> 2941 | D11: {=INDEX(simulation!F:F, C11 + 2)} -> 0.84415852 | E11: =$B$21*D11+$D$21 -> 7.320656 | F11: =E11-B11 -> -0.20267737 | G11: =F11/E11 -> -0.027685685 | H11: =F11^2 -> 0.041078117 | L11: 200 | M11: =SUM(St!E24:E26)/3 -> 7.6033333 | N11: =L11*10+1 -> 2001 | O11: {=INDEX(simulation!Q:Q, N11 + 2)} -> 0.92907479 | P11: =$B$21*O11+$D$21 -> 7.6720336 | Q11: =P11-M11 -> 0.068700301 | R11: =Q11/P11 -> 0.0089546402 | S11: =Q11^2 -> 0.0047197313 | W11: 100 | X11: =SUM(St!H24:H26)/3 -> 8.12 | Y11: =W11*10+1 -> 1001 | Z11: {=INDEX(simulation!AB:AB, Y11 + 2)} -> 0.94387169 | AA11: =$B$21*Z11+$D$21 -> 7.7332621 | AB11: =AA11-X11 -> -0.38673785 | AC11: =AB11/AA11 -> -0.050009665 | AD11: =AB11^2 -> 0.14956616 | AH11: 45 | AI11: =SUM(St!K24:K26)/3 -> 8.1233333 | AJ11: =AH11*10+1 -> 451 | AK11: {=INDEX(simulation!AM:AM, AJ11 + 2)} -> 0.95294169 | AL11: =$B$21*AK11+$D$21 -> 7.7707932 | AM11: =AL11-AI11 -> -0.35254014 | AN11: =AM11/AL11 -> -0.045367329 | AO11: =AM11^2 -> 0.12428455 | AS11: 30 | AT11: =SUM(St!N24:N26)/3 -> 8.07 | AU11: =AS11*10+1 -> 301 | AV11: {=INDEX(simulation!AX:AX, AU11 + 2)} -> 0.96052639 | AW11: =$B$21*AV11+$D$21 -> 7.8021782 | AX11: =AW11-AT11 -> -0.26782182 | AY11: =AX11/AW11 -> -0.034326545 | AZ11: =AX11^2 -> 0.071728528 | BD11: 18 | BE11: =SUM(St!Q24:Q26)/3 -> 8.1933333 | BF11: =BD11*10+1 -> 181 | BG11: {=INDEX(simulation!BI:BI, BF11 + 2)} -> 0.96143216 | BH11: =$B$21*BG11+$D$21 -> 7.8059262 | BI11: =BH11-BE11 -> -0.38740717 | BJ11: =BI11/BH11 -> -0.049629879 | BK11: =BI11^2 -> 0.15008432 | BO11: 18 | BP11: =SUM(St!T24:T26)/3 -> 8.11 | BQ11: =BO11*10+1 -> 181 | BR11: {=INDEX(simulation!BT:BT, BQ11 + 2)} -> 0.96189135 | BS11: =$B$21*BR11+$D$21 -> 7.8078263 | BT11: =BS11-BP11 -> -0.30217372 | BU11: =BT11/BS11 -> -0.038701389 | BV11: =BT11^2 -> 0.09130896 | BZ11: 35 | CA11: =SUM(St!W24:W26)/3 -> 7.6733333 | CB11: =BZ11*10+1 -> 351 | CC11: {=INDEX(simulation!CE:CE, CB11 + 2)} -> 0.9084474 | CD11: =$B$21*CC11+$D$21 -> 7.5866789 | CE11: =CD11-CA11 -> -0.086654417 | CF11: =CE11/CD11 -> -0.011421917 | CG11: =CE11^2 -> 0.0075089881
A12: 345 | B12: =SUM(St!B27:B29)/3 -> 7.5166667 | C12: =A12*10+1 -> 3451 | D12: {=INDEX(simulation!F:F, C12 + 2)} -> 0.90149139 | E12: =$B$21*D12+$D$21 -> 7.5578954 | F12: =E12-B12 -> 0.041228742 | G12: =F12/E12 -> 0.0054550559 | H12: =F12^2 -> 0.0016998092 | AH12: 50 | AI12: =SUM(St!K27:K29)/3 -> 8.12 | AJ12: =AH12*10+1 -> 501 | AK12: {=INDEX(simulation!AM:AM, AJ12 + 2)} -> 0.95294177 | AL12: =$B$21*AK12+$D$21 -> 7.7707935 | AM12: =AL12-AI12 -> -0.34920646 | AN12: =AM12/AL12 -> -0.044938327 | AO12: =AM12^2 -> 0.12194515 | BD12: 20 | BE12: =SUM(St!Q27:Q29)/3 -> 8.2233333 | BF12: =BD12*10+1 -> 201 | BG12: {=INDEX(simulation!BI:BI, BF12 + 2)} -> 0.96146694 | BH12: =$B$21*BG12+$D$21 -> 7.8060701 | BI12: =BH12-BE12 -> -0.41726324 | BJ12: =BI12/BH12 -> -0.053453689 | BK12: =BI12^2 -> 0.17410861 | BO12: 20 | BP12: =SUM(St!T27:T29)/3 -> 8.1633333 | BQ12: =BO12*10+1 -> 201 | BR12: {=INDEX(simulation!BT:BT, BQ12 + 2)} -> 0.96189864 | BS12: =$B$21*BR12+$D$21 -> 7.8078564 | BT12: =BS12-BP12 -> -0.35547689 | BU12: =BT12/BS12 -> -0.045528103 | BV12: =BT12^2 -> 0.12636382 | BZ12: 40 | CA12: =SUM(St!W27:W29)/3 -> 7.75 | CB12: =BZ12*10+1 -> 401 | CC12: {=INDEX(simulation!CE:CE, CB12 + 2)} -> 0.94314001 | CD12: =$B$21*CC12+$D$21 -> 7.7302345 | CE12: =CD12-CA12 -> -0.01976549 | CF12: =CE12/CD12 -> -0.002556907 | CG12: =CE12^2 -> 0.00039067461
A13: 395 | B13: =SUM(St!B30:B32)/3 -> 7.56 | C13: =A13*10+1 -> 3951 | D13: {=INDEX(simulation!F:F, C13 + 2)} -> 0.91130113 | E13: =$B$21*D13+$D$21 -> 7.5984874 | F13: =E13-B13 -> 0.038487437 | G13: =F13/E13 -> 0.0050651445 | H13: =F13^2 -> 0.0014812828 | BZ13: 45 | CA13: =SUM(St!W30:W32)/3 -> 7.7766667 | CB13: =BZ13*10+1 -> 451 | CC13: {=INDEX(simulation!CE:CE, CB13 + 2)} -> 0.94993631 | CD13: =$B$21*CC13+$D$21 -> 7.7583571 | CE13: =CD13-CA13 -> -0.018309523 | CF13: =CE13/CD13 -> -0.0023599742 | CG13: =CE13^2 -> 0.00033523863
I14: eps | J14: R_eps -> sqrt | T14: eps | U14: R_eps -> sqrt | AE14: eps | AF14: R_eps -> sqrt | AP14: eps | AQ14: R_eps -> sqrt | BA14: eps | BB14: R_eps -> sqrt | BL14: eps | BM14: R_eps -> sqrt | BW14: eps | BX14: R_eps -> sqrt | CH14: eps | CI14: R_eps -> sqrt
E15: =SUM(E4:E13) -> 62.529273 | H15: =SUM(H4:H13) -> 0.4095736 | I15: =H15/E15 -> 0.0065501097 | J15: =SQRT(I15) -> 0.080932748 | P15: =SUM(P4:P11) -> 53.110172 | S15: =SUM(S4:S11) -> 0.1204629 | T15: =S15/P15 -> 0.00226817 | U15: =SQRT(T15) -> 0.047625308 | AA15: =SUM(AA4:AA11) -> 53.703151 | AD15: =SUM(AD4:AD11) -> 0.77469511 | AE15: =AD15/AA15 -> 0.014425506 | AF15: =SQRT(AE15) -> 0.12010623 | AL15: =SUM(AL4:AL12) -> 58.498353 | AO15: =SUM(AO4:AO12) -> 1.4603502 | AP15: =AO15/AL15 -> 0.024963954 | AQ15: =SQRT(AP15) -> 0.15799986 | AW15: =SUM(AW4:AW11) -> 55.005755 | AZ15: =SUM(AZ4:AZ11) -> 1.246276 | BA15: =AZ15/AW15 -> 0.022657192 | BB15: =SQRT(BA15) -> 0.15052306 | BH15: =SUM(BH4:BH12) -> 58.773808 | BK15: =SUM(BK4:BK12) -> 1.6778216 | BL15: =BK15/BH15 -> 0.028547098 | BM15: =SQRT(BL15) -> 0.16895886 | BS15: =SUM(BS4:BS12) -> 59.172586 | BV15: =SUM(BV4:BV12) -> 4.382683 | BW15: =BV15/BS15 -> 0.074066105 | BX15: =SQRT(BW15) -> 0.27215089 | CD15: =SUM(CD4:CD13) -> 62.487985 | CG15: =SUM(CG4:CG13) -> 0.82576566 | CH15: =CG15/CD15 -> 0.013214791 | CI15: =SQRT(CH15) -> 0.1149556
A17: mapping: | B17: ymin sim | C17: ymax sim | D17: ymin exp | E17: ymax exp
B18: -0.2 | C18: 1.25 | D18: 3 | E18: 9
B20: steigung | C20: exact | D20: offset | E20: exact
B21: =(E18-D18)/(C18-B18) -> 4.137931 | C21: 120/29 | D21: =D18-B21*B18 -> 3.8275862 | E21: 111/29
D22: =E18-B21*C18 -> 3.8275862
